[
  {
    "id": "3774dcd9-657e-4699-8bc3-3b5c8a93afce",
    "text": "Результаты: найдено 346 Официальные сообщения Евразийской экономической комиссии Уведомление Департамента защиты внутреннего рынка Евразийской экономической комиссии «О начале повторного антидемпингового расследования в связи с истечением срока действия антидемпинговой меры в отношении алюминиевой ленты, происходящей из Азербайджанской Республики и Китайской Народной Республики и ввозимой на таможенную территорию Евразийского экономического союза» Рус Дата принятия документа: 30.06.2025 Дата опубликования документа: 30.06.2025 Документы Рус pdf Уведомление Уведомление Уведомление Сообщение от 19 июня 2025 . № 6 AD26R1_notice_fin Уведомление Уведомление AD26R1_notice_publication AD27R1_notice_publication AD39_notice_ext Уведомление Сообщение от 13 февраля 2025 г. № 5 Уведомление Сообщение Сообщение № 3 Уведомление Сообщение № 2 Сообщение Уведомление Уведомление Уведомление Уведомление Уведомление Уведомление Уведомление Уведомление Уведомление Уведомление Уведомление Уведомление Уведомление Уведомление Предостережение Уведомление Предостережение Уведомление Предостережение Уведомление Уведомление Уведомление Уведомление Уведомление Уведомление Уведомление Уведомление Уведомление Уведомление Уведомление Уведомление Уведомление Уведомление Уведомление Уведомление Уведомление Уведомление Уведомление Уведомление Уведомление Уведомление Уведомление Сообщение Уведомление Уведомление Уведомление Уведомление Уведомление Уведомление Уведомление Уведомление Уведомление Уведомление Уведомление Предостережение Уведомление Уведомление Уведомление Уведомление Уведомление Уведомление Уведомление AD36_notice_publication Уведомление Уведомление Уведомление Уведомление Уведомление Предостережение от 08.06.2022 № АШ -1520.22 Предостережение от 09.06.2022 № АШ -1534.22 Предостережение от 11.07.2022 № АШ-1811.22 (АБ ИНБЕВ ЭФЕС) Предостережение от 13.07.2022 № АШ-1847.22 (Белорусская автомобильная ассоциация) Предостережение от 20.05.2022 № АШ -1334.22 (Ф.Сапронову-Инвитро) Предостережение от 20.05.2022 № АШ -1334.22 (Ю. Трофимовой - Зуб.ру) Предостережение от 20.05.2022 № АШ -1334.22 (Ю. Трофимовой - Поликлиника.ру) Предостережение от 20.05.2022 № АШ -1335.22 Предостережение от 23.06.2022 № АШ -1630.22 (К.Е. Рясовой - ФФ Стайл) Уведомление Уведомление Уведомление Уведомление Уведомление Скачать",
    "lawMetadata": {
      "originalId": "166",
      "docKind": "act",
      "title": "Официальные сообщения Евразийской экономической комиссии",
      "source": "docs.eaeunion.org",
      "url": "https://docs.eaeunion.org/documents/166/",
      "publishedAt": 1751441193,
      "parsedAt": 1751441193,
      "jurisdiction": "EAEU",
      "language": "ru",
      "stage": null,
      "discussionPeriod": {
        "start": null,
        "end": null
      },
      "explanatoryNote": {
        "fileId": null,
        "url": null,
        "mimeType": null
      },
      "summaryReports": [],
      "commentStats": {
        "total": 0
      }
    }
  },
  {
    "id": "83afb774-3126-4a17-9f56-296140fd5954",
    "text": "Результаты: найдено 110 Меморандумы, заявления Меморандум о взаимопонимании между Евразийской экономической комиссией и Египетским конкурентным ведомством в сфере конкурентной политики и антимонопольного регулирования гызской Республикик Таможенному союзу Республики Беларусь, Республики Казахстан и Российской Федерации Меморандум о взаимодействии между Евразийской экономической комиссией и Правительством Республики Армения Меморандум о взаимопонимании между Евразийской экономической комиссией и Всемирной организацией здравоохранения животных Меморандум о сотрудничестве между Евразийской экономической комиссией и Межпарламентской Ассамблеей Евразийского экономического сообщества Меморандум о сотрудничестве между Евразийской экономической комиссией и Международным союзом автомобильного транспорта Меморандум о сотрудничестве между Евразийской экономической комиссией и Общественной организацией Всеобщая конфедерация профсоюзов - международное профсоюзное объединение Меморандум между Евразийской экономической комиссией и Межгосударственным советом по стандартизации, метрологии и сертификации о сотрудничестве в области стандартизации и обеспечения единства измерений Заявление о плане мероприятий («дорожной карте») по присоединению Республики Армения к Таможенному союзу и Единому экономическому пространству Республики Беларусь, Республики Казахстан и Российской Федерации Меморандум о взаимопонимании между Евразийской экономической комиссией и Экономической и социальной комиссией ООН для Азии и Тихого океана Меморандум о взаимопонимании между Евразийской экономической комиссией и Продовольственной и сельскохозяйственной организацией Объединенных Наций Меморандум о сотрудничестве между Евразийской экономической комиссией и Евразийским банком развития Меморандум об углублении взаимодействия между Евразийской экономической комиссией и Республикой Армения Меморандум о взаимопонимании между Евразийской экономической комиссией и Международной электротехнической комиссией по сотрудничеству в сфере технического регулирования и стандартизации Меморандум Меморандум о сотрудничестве между Евразийской экономической комиссией и Конференцией Организации Объединенных Наций по торговле и развитию (ЮНКТАД) Меморандум об углублении взаимодействия между Евразийской экономической комиссией и Украиной. Меморандум о сотрудничестве по вопросам статистики между Евразийской экономической комиссией и Межгосударственным статистическим комитетом Содружества Независимых Государств Скачать",
    "lawMetadata": {
      "originalId": "165",
      "docKind": "act",
      "title": "Меморандумы, заявления",
      "source": "docs.eaeunion.org",
      "url": "https://docs.eaeunion.org/documents/165/",
      "publishedAt": 1751441196,
      "parsedAt": 1751441196,
      "jurisdiction": "EAEU",
      "language": "ru",
      "stage": null,
      "discussionPeriod": {
        "start": null,
        "end": null
      },
      "explanatoryNote": {
        "fileId": null,
        "url": null,
        "mimeType": null
      },
      "summaryReports": [],
      "commentStats": {
        "total": 0
      }
    }
  },
  {
    "id": "8eba4cef-40ed-4772-9952-dae577abb320",
    "text": "Результаты: найдено 278 Международные договоры – Договор о ЕАЭС и международные договоры в рамках ЕАЭС Соглашение о трансграничном допуске к размещению и обращению ценных бумаг на организованных торгах в государствах – членах Евразийского экономического союза гызской Республики к Договору о Евразийском экономическом союзе от 29 мая 2014 года \"О Единых принципах и правилах обращения лекарственных средств в рамках Евразийского экономического союза\" \"О Единых принципах и правилах обращения медицинских изделий (изделий медицинского назначения и медицинской техники) в рамках Евразийского экономического союза\" Скачать",
    "lawMetadata": {
      "originalId": "164",
      "docKind": "act",
      "title": "Международные договоры",
      "source": "docs.eaeunion.org",
      "url": "https://docs.eaeunion.org/documents/164/",
      "publishedAt": 1751441198,
      "parsedAt": 1751441198,
      "jurisdiction": "EAEU",
      "language": "ru",
      "stage": null,
      "discussionPeriod": {
        "start": null,
        "end": null
      },
      "explanatoryNote": {
        "fileId": null,
        "url": null,
        "mimeType": null
      },
      "summaryReports": [],
      "commentStats": {
        "total": 0
      }
    }
  },
  {
    "id": "d2f8a39b-b29f-4198-a4cd-f1835ce7b2af",
    "text": "Результаты: найдено 1 Информация о ходе выполнения государствами – членами ЕАЭС внутригосударственных процедур, необходимых для вступления в силу международных договоров ЕАЭС Информация о ходе выполнения государствами – членами Евразийского экономического союза внутригосударственных процедур, необходимых для вступления в силу международных договоров Евразийского экономического союза Рус Дата принятия документа: Дата опубликования документа: 11.06.2025 Документы Рус pdf Таблица Скачать",
    "lawMetadata": {
      "originalId": "163",
      "docKind": "act",
      "title": "Информация о ходе выполнения государствами – членами ЕАЭС внутригосударственных процедур, необходимых для вступления в силу международных договоров ЕАЭС",
      "source": "docs.eaeunion.org",
      "url": "https://docs.eaeunion.org/documents/163/",
      "publishedAt": 1751441200,
      "parsedAt": 1751441200,
      "jurisdiction": "EAEU",
      "language": "ru",
      "stage": null,
      "discussionPeriod": {
        "start": null,
        "end": null
      },
      "explanatoryNote": {
        "fileId": null,
        "url": null,
        "mimeType": null
      },
      "summaryReports": [],
      "commentStats": {
        "total": 0
      }
    }
  },
  {
    "id": "a7e855f1-94fc-498f-9f6b-8a4025d7ea85",
    "text": "Результаты: найдено 1026 Документы ТС и ЕЭП – КТС – 2010 – Девятнадцатое заседание Решение №378 О классификаторах, используемых для заполнения таможенных деклараций Решение №378 (имеются изменения и дополнения: Решения Комиссии Таможенного союза №№ 441, 719, 858, 906, Решение Совета Евразийской экономической комиссии № 9) Рус Дата принятия документа: 20.09.2010 Дата опубликования документа: 19.06.2020 Дата вступления в силу: 21.10.2010 Документы Рус html Решение №378 (2) P_378(2) Решение Коллегии Суда от 27 октября 2014 г. Особое мнение Судьи Ж.Н.Баишева Решение Апелляционной палаты Суда от 29 декабря 2014 г. Решение Коллегии Суда Решение Апелляционной палаты Суда от 29 декабря 2014 г. Дело № 2-4/11-2014 по заявлению ТОО «Orda Munai Trade» к Евразийской экономической комиссии» Дело № 2-4/6-2014 по жалобе ООО «Вичюнай-Русь» о признании действия (бездействия) ЕЭК по отказу в направлении запроса в Суд ЕврАзЭС о толковании или разъяснении применения международных договоров, заключенных в рамках Таможенного союза cdja_07042014_att Решение Коллегии Суда от 30 мая 2014 г. Особое мнение судьи Чайки К.Л. Решение Апелляционной палаты Суда от 7 октября 2014 г. Декларация о евразийской экономической интеграции. Договор о Евразийской экономической комиссии Приложение Приложение №1 Приложение №1 Приложение №1 Приложение №1 Приложение №1 Приложение №2 Приложение №1 Приложение №1 Приложение №1 Приложение №1 Приложение №3 Приложение №1 Приложение №2 Приложение №1 Приложение №3 Приложение №1 Приложение №2 Приложение №1 Изменения в Положение о едином порядке осуществления ветеринарного контроля на таможенной границе Таможенного союза и на таможенной территории Таможенного союза, утвержденное Решением Комиссии Таможенного союза от 18 июня 2010 г. № 317 Приложение №1 Приложение №1 Приложение №1 Приложение №1 Приложение №1 Приложение №1 Приложение №1 Приложение №1 Приложение №1 Приложение №1 Приложение №1 Приложение №1 Приложение №1 Приложение №1 Приложение №1 Приложение №1 Приложение №1 Приложение №1 Положение Р_Приложение №2 Р_Приложение №1 Сводный перечень (eng) Единые формы Сводный перечень Приложение №2 Приложение №1 Скачать Документы ТС и ЕЭП – КТС – 2010 – Двадцать первое заседание Решение №449 Об оборудовании в пунктах пропуска через внешнюю границу государств – членов Таможенного союза отдельных каналов для граждан государств – членов Таможенного союза Рус Дата принятия документа: 18.11.2010 Дата опубликования документа: 29.10.2012 Документы Рус html Решение №449 Скачать Документы ТС и ЕЭП – КТС – 2010 – Двадцать первое заседание Решение №448 О проекте соглашения о порядке перемещения товаров по линиям электропередачи и трубопроводным транспортом Рус Дата принятия документа: 18.11.2010 Дата опубликования документа: 29.10.2012 Документы Рус html Решение №448 Скачать Документы ТС и ЕЭП – КТС – 2010 – Двадцать первое заседание Решение №446 О ходе выполнения Плана действий по формированию Единого экономического пространства Республики Беларусь, Республики Казахстан и Российской Федерации Рус Дата принятия документа: 18.11.2010 Дата опубликования документа: 29.10.2012 Документы Рус html Решение №446 Скачать Приложения Рус html Проекты Скачать Документы ТС и ЕЭП – КТС – 2010 – Двадцать первое заседание Решение №445 О проекте Протокола о внесении изменений и дополнений в Соглашение о применении специальных защитных, антидемпинговых и компенсационных мер по отношению к третьим странам от 25 января 2008 года Рус Дата принятия документа: 18.11.2010 Дата опубликования документа: 29.10.2012 Документы Рус html Решение №445 Скачать Документы ТС и ЕЭП – КТС – 2010 – Двадцать первое заседание Решение №444 О проектах повестки дня заседания Межгосударственного Совета ЕврАзЭС (Высшего органа Таможенного союза) на уровне глав правительств и повестки дня заседания Межгосударственного Совета ЕврАзЭС (Высшего органа Таможенного союза) на уровне глав государств Рус Дата принятия документа: 18.11.2010 Дата опубликования документа: 29.10.2012 Документы Рус html Решение №444 Скачать Приложения Рус html Повестка дня 2 Скачать Рус html Повестка дня Скачать Документы ТС и ЕЭП – КТС – 2010 – Двадцатое заседание Решение №440 О внесении изменений в единую Товарную номенклатуру внешнеэкономической деятельности Таможенного союза и Единый таможенный тариф Таможенного союза в отношении технологического оборудования для авиационной промышленности Рус Дата принятия документа: 20.09.2010 Дата опубликования документа: 29.10.2012 Документы Рус html Решение №440 Скачать",
    "lawMetadata": {
      "originalId": "162",
      "docKind": "act",
      "title": "Документы ТС и ЕЭП",
      "source": "docs.eaeunion.org",
      "url": "https://docs.eaeunion.org/documents/162/",
      "publishedAt": 1751441203,
      "parsedAt": 1751441203,
      "jurisdiction": "EAEU",
      "language": "ru",
      "stage": null,
      "discussionPeriod": {
        "start": null,
        "end": null
      },
      "explanatoryNote": {
        "fileId": null,
        "url": null,
        "mimeType": null
      },
      "summaryReports": [],
      "commentStats": {
        "total": 0
      }
    }
  },
  {
    "id": "8723114d-2cd6-4098-9830-b525c52c14f2",
    "text": "Результаты: найдено 30 Акты Суда Евразийского экономического союза Решение Коллегии Суда от 03.10.2023 по делу по заявлениям АО «Альфа-Медика»; ООО «СиЭс Медика»; ООО «Фирма Консалтинг и Коммерция» Рус Дата принятия документа: 03.10.2023 Дата опубликования документа: 01.11.2023 Документы Рус pdf Решение КС_23.10.2023 Решение Коллегии Суда Особое мнение судьи Т.Н.Нешатаевой Решение Коллегии Суда Особое мнение судьи Баишева Ж.Н. Постановление Коллегии Суда Евразийского экономического союза Постановление Коллегии Суда Постановление Коллегии Суда Постановление Коллегии Суда Решение Коллегии Суда Особое мнение судьи Чайки К.Л. Постановление Коллегии Суда Постановление Коллегии Суда Решение Апелляционной палаты Суда Особое мнение судьи Чайки К.Л. Решение Коллегии Суда Консультативное заключение Особое мнение судьи К.Л.Чайки Особое мнение судьи Федорцова А.А. Консультативное заключение Консультативное заключение Консультативное заключение Особое мнение Чайки Консультативное заключение консультативное заключение Особое мнение Нешатаевой консультативное заключение Особое мнение судьи Сейтимовой В.Х. Консультативное заключение Особое мнение Нешатаевой Особое мнение Сейтимовой Особое мнение Чайки Консультативное заключение_РУС Особое мнение Нешатаевой Консультативное заключение Особое мнение судьи Айриян Э.В. Консультативное заключение Консультативное заключение от 03.06.2016 Постановление Коллегии Суда от 07.04.2016 - Ремдизель Особое мнение Т.Н. Нешатаевой - Ремдизель Решение 07.04.2016 - Севлад Решение Апелляционной палаты от 02.06.2016 Решение Коллегии Суда Особое мнение Чайки К.Л. Решение АП Особое мнение судьи Нешатаевой Т.Н. Постановление суда Постановление Постановление Скачать",
    "lawMetadata": {
      "originalId": "161",
      "docKind": "act",
      "title": "Акты Суда Евразийского экономического союза",
      "source": "docs.eaeunion.org",
      "url": "https://docs.eaeunion.org/documents/161/",
      "publishedAt": 1751441205,
      "parsedAt": 1751441205,
      "jurisdiction": "EAEU",
      "language": "ru",
      "stage": null,
      "discussionPeriod": {
        "start": null,
        "end": null
      },
      "explanatoryNote": {
        "fileId": null,
        "url": null,
        "mimeType": null
      },
      "summaryReports": [],
      "commentStats": {
        "total": 0
      }
    }
  },
  {
    "id": "c7fba131-cd8d-4f5d-a5f4-ee900bdf830c",
    "text": "Результаты: найдено 7427 Акты Евразийской экономической комиссии – Коллегия Евразийской экономической комиссии – Распоряжения – 2025 Распоряжение Коллегии ЕЭК № 77 О проекте распоряжения Совета Евразийской экономической комиссии «Об утверждении отчета о ходе исполнения плана мероприятий по гармонизации законодательства государств – членов Евразийского экономического союза в сфере финансового рынка за 2024 год» Рус Дата принятия документа: 24.06.2025 Дата опубликования документа: 27.06.2025 Дата вступления в силу: 27.06.2025 Документы Рус pdf Распоряжение Коллегии № 77 от 24 июня 2025 г Распоряжение Коллегии № 76 от 24 июня 2025 г Распоряжение Коллегии № 75 от 24 июня 2025 г Решение Коллегии № 59 от 24 июня 2025 г Решение Коллегии № 58 от 24 июня 2025 г Решение Коллегии № 57 от 24 июня 2025 г Рекомендация Коллегии № 16 от 24 июня 2025 г Решение Коллегии № 56 от 24 июня 2025 г План заседаний Коллегии Комиссии на II полугодие 2025 года Распоряжение Коллегии № 74 от 17 июня 2025 г Распоряжение Коллегии № 73 от 17 июня 2025 г Распоряжение Коллегии № 72 от 17 июня 2025 г Распоряжение Коллегии № 71 от 17 июня 2025 г Решение Коллегии № 55 от 17 июня 2025 г Решение Коллегии № 54 от 17 июня 2025 г Решение Коллегии № 53 от 17 июня 2025 г Решение Коллегии № 52 от 17 июня 2025 г Решение Коллегии № 51 от 17 июня 2025 г Распоряжение Коллегии № 70 от 10 июня 2025 г Решение Коллегии № 50 от 10 июня 2025 г Рекомендация Коллегии № 15 от 10 июня 2025 г Распоряжение Коллегии № 69 от 3 июня 2025 г Распоряжение Коллегии № 68 от 3 июня 2025 г Распоряжение Коллегии № 67 от 3 июня 2025 г Решение Коллегии № 49 от 3 июня 2025 г Решение Коллегии № 48 от 3 июня 2025 г Решение Совета № 44 от 2 июня 2025 года Решение Совета № 43 от 2 июня 2025 года Распоряжение Совета № 19 от 2 июня 2025 года Распоряжение Коллегии № 66 от 27 мая 2025 г Распоряжение Коллегии № 65 от 27 мая 2025 г Распоряжение Коллегии № 64 от 27 мая 2025 г Решение Коллегии № 46 от 27 мая 2025 г Рекомендация Коллегии № 14 от 27 мая 2025 г Решение Совета № 42 от 26 мая 2025 года Решение Совета № 41 от 23 мая 2025 года Решение Совета № 40 от 23 мая 2025 года Решение Совета № 39 от 23 мая 2025 года Решение Совета № 38 от 23 мая 2025 года Решение Совета № 37 от 23 мая 2025 года Решение Совета № 36 от 23 мая 2025 года Распоряжение Совета № 18 от 23 мая 2025 года Распоряжение Совета № 17 от 23 мая 2025 года Решение Совета № 35 от 23 мая 2025 года Распоряжение Коллегии № 63 от 20 мая 2025 г Распоряжение Коллегии № 62 от 20 мая 2025 г Распоряжение Коллегии № 61 от 20 мая 2025 г Решение Коллегии № 45 от 20 мая 2025 г Решение Коллегии № 44 от 20 мая 2025 г Решение Коллегии № 43 от 20 мая 2025 г Решение Совета № 34 от 22 мая 2025 г Решение Совета № 33 от 22 мая 2025 года Решение Совета № 122 от 29 ноября 2024 года Распоряжение Совета № 38 от 29 ноября 2024 года Решение Совета № 32 от 15 мая 2025 года Решение Совета № 31 от 16 мая 2025 года Распоряжение Совета № 16 от 16 мая 2025 года Распоряжение Коллегии № 60 от 13 мая 2025 г Распоряжение Коллегии № 59 от 13 мая 2025 г Распоряжение Коллегии № 58 от 13 мая 2025 г Распоряжение Коллегии № 57 от 13 мая 2025 г Распоряжение Коллегии № 56 от 13 мая 2025 г Решение Коллегии № 42 от 13 мая 2025 г Решение Совета № 30 от 15 мая 2025 года Рекомендация Коллегии № 13 от 13 мая 2025 г Рекомендация Коллегии № 12 от 13 мая 2025 г Рекомендация Коллегии № 11 от 13 мая 2025 г Рекомендация Коллегии № 10 от 13 мая 2025 г Решение Совета № 29 от 14 мая 2025 года Решение Совета № 28 от 14 мая 2025 года Решение Совета № 27 от 14 мая 2025 года Решение Совета № 26 от 14 мая 2025 года Решение Совета № 25 от 14 мая 2025 года Решение Совета № 24 от 14 мая 2025 года Решение Совета № 23 от 14 мая 2025 года Распоряжение Совета № 15 от 14 мая 2025 года Распоряжение Совета № 14 от 14 мая 2025 года Распоряжение Совета № 13 от 14 мая 2025 года Распоряжение Совета № 12 от 14 мая 2025 года Решение Совета № 22 от 5 мая 2025 года Распоряжение Коллегии № 55 от 29 апреля 2025 г Распоряжение Коллегии № 54 от 29 апреля 2025 г Распоряжение Коллегии № 53 от 29 апреля 2025 г Распоряжение Коллегии № 52 от 29 апреля 2025 г Решение Коллегии № 41 от 29 апреля 2025 г Рекомендация Коллегии № 9 от 29 апреля 2025 г Распоряжение Коллегии № 51 от 22 апреля 2025 г Распоряжение Коллегии № 50 от 22 апреля 2025 г Решение Коллегии № 40 от 22 апреля 2025 г Решение Коллегии № 39 от 22 апреля 2025 г Решение Коллегии № 38 от 22 апреля 2025 г Распоряжение Коллегии № 49 от 15 апреля 2025 г Распоряжение Коллегии № 48 от 15 апреля 2025 г Распоряжение Коллегии № 47 от 15 апреля 2025 г Распоряжение Коллегии № 46 от 15 апреля 2025 г Распоряжение Коллегии № 45 от 8 апреля 2025 г Распоряжение Коллегии № 44 от 8 апреля 2025 г Распоряжение Коллегии № 43 от 8 апреля 2025 г Распоряжение Коллегии № 42 от 8 апреля 2025 г Распоряжение Коллегии № 41 от 8 апреля 2025 г Скачать Приложения Рус docx Распоряжение Коллегии № 41 от 8 апреля 2025 г Скачать",
    "lawMetadata": {
      "originalId": "160",
      "docKind": "act",
      "title": "Акты Евразийской экономической комиссии",
      "source": "docs.eaeunion.org",
      "url": "https://docs.eaeunion.org/documents/160/",
      "publishedAt": 1751441208,
      "parsedAt": 1751441208,
      "jurisdiction": "EAEU",
      "language": "ru",
      "stage": null,
      "discussionPeriod": {
        "start": null,
        "end": null
      },
      "explanatoryNote": {
        "fileId": null,
        "url": null,
        "mimeType": null
      },
      "summaryReports": [],
      "commentStats": {
        "total": 0
      }
    }
  },
  {
    "id": "3375324c-900f-4843-ae63-2da250259e81",
    "text": "Результаты: найдено 299 Акты Евразийского межправительственного совета – Распоряжения – 2025 Распоряжение Евразийского межправительственного совета № 5 О времени и месте проведения очередного заседания Евразийского межправительственного совета Дата принятия документа: 31.01.2025 Дата опубликования документа: 11.02.2025 Дата вступления в силу: 31.01.2025 Документы pdf Распоряжение №5 Распоряжение №4 Распоряжение №3 Распоряжение №2 Аналитический доклад Распоряжение №1 Решение №1 Распоряжение № 22 Решение № 4 Распоряжение № 20 Распоряжение № 19 Распоряжение № 18 Распоряжение № 17 Распоряжение № 16 Распоряжение № 15 Распоряжение № 14 Распоряжение № 13 Решение № 3 Решение № 2 Распоряжение № 8 Распоряжение № 7 Распоряжение № 6 Распоряжение № 5 Распоряжение № 4 Распоряжение № 3 Распоряжение № 2 Доклад Распоряжение № 1 Решение № 1 расп 24 коп расп 19 коп расп 18 коп реш 7 коп реш 6 кп реш 5 коп реш 4 коп реш 3 коп Распоряжение № 16 Распоряжение № 14 Распоряжение № 13 Распоряжение № 12 Распоряжение № 11 Распоряжение № 10 Распоряжение № 9 Распоряжение №7 Распоряжение №8 Распоряжение №6 Распоряжение №5 Распоряжение №4 Распоряжение №3 Решение №2 Распоряжение №1 Решение №1 Распоряжение № 30 Распоряжение № 29 Распоряжение № 28 Распоряжение № 26 Распоряжение № 25 Распоряжение № 24 Решение № 2 Распоряжение № 23 Распоряжение № 22 Распоряжение № 21 Распоряжение № 20 Распоряжение № 19 Распоряжение № 18 Распоряжение № 17 Распоряжение № 16 Распоряжение № 15 Распоряжение № 14 Распоряжение № 13 Распоряжение № 12 Распоряжение № 11 Распоряжение № 10 Распоряжение № 9 Распоряжение № 8 Решение № 1 Распоряжение № 7 Распоряжение № 6 Распоряжение № 5 Распоряжение № 4 Распоряжение № 3 Распоряжение № 2 Приложение Распоряжение № 26 Распоряжение № 25 Распоряжение № 24 Распоряжение № 23 Распоряжение № 22 Распоряжение № 21 Распоряжение № 20 Решение № 12 Решение № 11 Решение № 10 Распоряжение № 19 Распоряжение № 18 Распоряжение № 17 Распоряжение № 16 Распоряжение № 15 Распоряжение № 14 Распоряжение № 13 Распоряжение № 12 Скачать",
    "lawMetadata": {
      "originalId": "159",
      "docKind": "act",
      "title": "Акты Евразийского межправительственного совета",
      "source": "docs.eaeunion.org",
      "url": "https://docs.eaeunion.org/documents/159/",
      "publishedAt": 1751441211,
      "parsedAt": 1751441211,
      "jurisdiction": "EAEU",
      "language": "ru",
      "stage": null,
      "discussionPeriod": {
        "start": null,
        "end": null
      },
      "explanatoryNote": {
        "fileId": null,
        "url": null,
        "mimeType": null
      },
      "summaryReports": [],
      "commentStats": {
        "total": 0
      }
    }
  },
  {
    "id": "de9d10cb-0ee1-4596-8db5-26086cf4a5d7",
    "text": "Результаты: найдено 407 Акты Высшего Евразийского экономического совета – Решения – 2025 Решение ВЕЭС № 3 О вопросах подписания Временного торгового соглашения между Евразийским экономическим союзом и его государствами-членами, с одной стороны, и Монголией, с другой стороны Рус Дата принятия документа: 23.06.2025 Дата опубликования документа: 23.06.2025 Документы Рус pdf Решение №3 Проект временного соглашения Решение №2 Соглашение Решение №1 Решение № 22 Решение № 21 Решение № 20 Решение № 19 Решение № 18 Решение № 17 Решение № 16 Решение № 15 Решение № 14 Решение № 10 Распоряжение № 5 Распоряжение № 4 Распоряжение № 3 Решение № 9 Решение № 8 Решение № 7 Решение № 6 Решение № 5 Решение № 4 Решение № 3 Распоряжение № 2 Распоряжение № 1 Решение №2 Решение №1 Решение № 27 Решение № 26 Решение № 25 Решение № 24 Решение № 23 Решение № 22 Решение № 21 Решение № 20 Решение № 19 Решение № 18 Решение № 17 Решение № 14 Решение № 13 Решение № 12 Распоряжение № 9 Распоряжение № 8 Распоряжение № 7 Распоряжение № 6 Решение №11 Проект Соглашения реш ВЕЭС 10 выш коп Решение № 7 Решение № 6 Решение № 5 Распоряжение № 5 Решение № 4 Распоряжение № 4 Решение № 3 Распоряжение № 3 Распоряжение № 2 Распоряжение № 1 Распоряжение Коллегии №24 от 14 марта 2023 г Решение №2 Решение №1 Решение № 26 Решение № 25 Решение № 22 Решение № 21 Решение № 20 Решение № 19 Решение № 18 Решение № 17 Решение № 16 Решение № 15 Распоряжение № 5 Решение № 14 Решение № 13 Решение № 12 реш 10 коп реш 9 коп реш 8 коп реш 7 коп реш 6 коп реш 5 коп расп 4 коп реш 4 коп расп 3 коп расп 2 коп расп 1 коп Решение № 3 Решение № 2 Решение № 1 Распоряжение № 8 Решение № 25 Решение № 24 Решение № 23 Решение № 22 Решение № 21 Решение № 20 Решение № 19 Распоряжение № 7 Распоряжение № 6 Решение № 14 Решение № 13 Скачать",
    "lawMetadata": {
      "originalId": "158",
      "docKind": "act",
      "title": "Акты Высшего Евразийского экономического совета",
      "source": "docs.eaeunion.org",
      "url": "https://docs.eaeunion.org/documents/158/",
      "publishedAt": 1751441214,
      "parsedAt": 1751441214,
      "jurisdiction": "EAEU",
      "language": "ru",
      "stage": null,
      "discussionPeriod": {
        "start": null,
        "end": null
      },
      "explanatoryNote": {
        "fileId": null,
        "url": null,
        "mimeType": null
      },
      "summaryReports": [],
      "commentStats": {
        "total": 0
      }
    }
  },
  {
    "id": "a721f466-6ee1-4b7a-8670-061b7d5fe3db",
    "text": "Информация о документе Полный заголовок документа Уведомление Департамента защиты внутреннего рынка Евразийской экономической комиссии «О продлении антидемпингового расследования в отношении алюминиевой фольги, происходящей из Китайской Народной Республики и ввозимой на таможенную территорию Евразийского экономического союза» Вид документа Официальные сообщения Евразийской экономической комиссии Дата принятия документа 26.06.2025 Дата опубликования 26.06.2025 Направление деятельности Торговля Ответственный департамент Департамент защиты внутреннего рынка Документ Рус pdf Уведомление Скачать Возврат к списку",
    "lawMetadata": {
      "originalId": "166",
      "docKind": "act",
      "title": "Уведомление Департамента защиты внутреннего рынка Евразийской экономической комиссии «О продлении антидемпингового расследования в отношении алюминиевой фольги, происходящей из Китайской Народной Республики и ввозимой на таможенную территорию Евразийского экономического союза»",
      "source": "docs.eaeunion.org",
      "url": "https://docs.eaeunion.org/documents/166/10054/",
      "publishedAt": 1751441221,
      "parsedAt": 1751441221,
      "jurisdiction": "EAEU",
      "language": "ru",
      "stage": null,
      "discussionPeriod": {
        "start": null,
        "end": null
      },
      "explanatoryNote": {
        "fileId": null,
        "url": null,
        "mimeType": null
      },
      "summaryReports": [],
      "commentStats": {
        "total": 0
      }
    }
  },
  {
    "id": "e1b55627-be5c-4ff4-bb38-2fb6ae650786",
    "text": "Информация о документе Полный заголовок документа Уведомление Департамента защиты внутреннего рынка Евразийской экономической комиссии «О начале повторного антидемпингового расследования в связи с истечением срока действия антидемпинговой меры в отношении алюминиевой ленты, происходящей из Азербайджанской Республики и Китайской Народной Республики и ввозимой на таможенную территорию Евразийского экономического союза» Вид документа Официальные сообщения Евразийской экономической комиссии Дата принятия документа 30.06.2025 Дата опубликования 30.06.2025 Направление деятельности Торговля Ответственный департамент Департамент защиты внутреннего рынка Документ Рус pdf Уведомление Скачать Возврат к списку",
    "lawMetadata": {
      "originalId": "166",
      "docKind": "act",
      "title": "Уведомление Департамента защиты внутреннего рынка Евразийской экономической комиссии «О начале повторного антидемпингового расследования в связи с истечением срока действия антидемпинговой меры в отношении алюминиевой ленты, происходящей из Азербайджанской Республики и Китайской Народной Республики и ввозимой на таможенную территорию Евразийского экономического союза»",
      "source": "docs.eaeunion.org",
      "url": "https://docs.eaeunion.org/documents/166/10062/",
      "publishedAt": 1751441243,
      "parsedAt": 1751441243,
      "jurisdiction": "EAEU",
      "language": "ru",
      "stage": null,
      "discussionPeriod": {
        "start": null,
        "end": null
      },
      "explanatoryNote": {
        "fileId": null,
        "url": null,
        "mimeType": null
      },
      "summaryReports": [],
      "commentStats": {
        "total": 0
      }
    }
  }
]